{"is_source_file": true, "format": "Kotlin", "description": "This Kotlin source file defines the MainActivity class for an Android login screen app. It manages user input fields, observes login state, and updates UI accordingly.", "external_files": ["R.layout.activity_main", "R.id.emailEditText", "R.id.passwordEditText", "R.id.loginButton", "R.id.statusText"], "external_methods": ["findViewById", "setContentView", "super.onCreate", "super.onDestroy", "viewModel.dispatch", "viewModel.observe", "viewModel.removeObserver"], "published": ["MainActivity"], "classes": [{"name": "MainActivity", "description": "An Android activity managing login UI, user input, and login state updates."}], "methods": [{"name": "onCreate", "description": "Initializes the activity, sets layout, finds views, and sets up intent handling and state observation."}, {"name": "onDestroy", "description": "Removes the UI observer when the activity is destroyed."}, {"name": "setupIntents", "description": "Sets up text change listeners for email and password inputs, and click listener for login button."}, {"name": "observeState", "description": "Subscribes to login state updates via viewModel."}, {"name": "render", "description": "Updates UI components based on the current login state."}], "calls": ["setContentView", "findViewById", "addTextChangedListener", "setOnClickListener", "viewModel.dispatch", "viewModel.observe", "viewModel.removeObserver"], "search-terms": ["MainActivity", "android_frontend", "login screen", "LoginViewModel", "LoginState", "LoginIntent", "TextWatcher", "UI update logic"], "state": 2, "file_id": 10, "knowledge_revision": 24, "git_revision": "57b88b286ef9a71f5292479360355f2351d30026", "revision_history": [{"22": "57b88b286ef9a71f5292479360355f2351d30026"}, {"24": "57b88b286ef9a71f5292479360355f2351d30026"}], "hash": "36e691adc9a18f41ab2db7f046f48dde", "format-version": 4, "code-base-name": "android_frontend", "filename": "android_frontend/app/src/main/kotlin/org/example/app/MainActivity.kt"}