{"is_source_file": true, "format": "Kotlin", "description": "This Kotlin source file defines the MainActivity class, which serves as the entry point for an Android app using Jetpack Compose. It hosts the login UI and manages the login state via a ViewModel.", "external_files": ["android/os/Bundle", "androidx/activity/ComponentActivity", "androidx/activity/compose/setContent", "androidx/compose/material3/MaterialTheme", "androidx/compose/material3/Surface", "org/example/app/login/LoginIntent", "org/example/app/login/LoginScreen", "org/example/app/login/LoginViewModel", "org/example/app/login/rememberLoginState"], "external_methods": ["androidx.activity.ComponentActivity.onCreate", "androidx.activity.compose.setContent", "org/example/app/login/rememberLoginState", "org/example/app/login/LoginViewModel.dispatch"], "published": ["MainActivity"], "classes": [{"name": "MainActivity", "description": "The main activity class that hosts and manages the login user interface, initializing the login state and handling lifecycle events."}], "methods": [{"name": "onCreate", "description": "Overrides the onCreate method; sets the Compose content and initializes the login UI with the relevant state and handlers."}], "calls": ["super.onCreate", "setContent", "rememberLoginState", "viewModel.dispatch"], "search-terms": ["MainActivity", "Jetpack Compose", "LoginScreen", "LoginViewModel", "rememberLoginState", "Android activity", "Kotlin Android app"], "state": 2, "file_id": 10, "knowledge_revision": 44, "git_revision": "7ff270ba065f664f4961143c2e9753488f48be36", "revision_history": [{"22": "57b88b286ef9a71f5292479360355f2351d30026"}, {"24": "57b88b286ef9a71f5292479360355f2351d30026"}, {"27": "7ff270ba065f664f4961143c2e9753488f48be36"}, {"30": "7ff270ba065f664f4961143c2e9753488f48be36"}, {"33": "7ff270ba065f664f4961143c2e9753488f48be36"}, {"35": "7ff270ba065f664f4961143c2e9753488f48be36"}, {"44": "7ff270ba065f664f4961143c2e9753488f48be36"}], "hash": "71afd114eecd69b34e66029937dc71cb", "format-version": 4, "code-base-name": "android_frontend", "filename": "android_frontend/app/src/main/kotlin/org/example/app/MainActivity.kt"}