{"is_source_file": false, "format": "", "description": "", "external_files": [], "external_methods": [], "published": [], "classes": [], "methods": [], "calls": [], "search-terms": [], "state": 2, "file_id": 5, "knowledge_revision": 36, "git_revision": "7ff270ba065f664f4961143c2e9753488f48be36", "hash": "4baf8519cb88c9595cfa22f4f0ea873b", "format-version": 4, "code-base-name": "android_frontend", "filename": "android_frontend/app/src/main/res/layout/activity_main.xml", "revision_history": [{"36": "7ff270ba065f664f4961143c2e9753488f48be36"}]}