{"is_source_file": true, "format": "Kotlin", "description": "This file defines the MainActivity class for an Android application, managing the login screen UI, handling user input events, observing login state changes via the ViewModel, and updating the UI accordingly.", "external_files": ["R.layout.activity_main", "org.example.app.login.LoginIntent", "org.example.app.login.LoginState", "org.example.app.login.LoginViewModel"], "external_methods": ["android.app.Activity.setContentView", "android.view.View.setOnClickListener", "android.widget.EditText.addTextChangedListener", "android.widget.Button.setText", "android.widget.TextView.setText", "android.widget.TextView.setTextColor", "android.widget.EditText.setEnabled", "android.widget.Button.setEnabled", "android.widget.TextView.setVisibility", "android.view.View.VISIBLE"], "published": ["org.example.app.MainActivity"], "classes": [{"name": "MainActivity", "description": "The main activity class for handling the login interface, user interactions, and login state rendering."}], "methods": [{"name": "onCreate", "description": "Lifecycle method to initialize UI elements and set up event handling."}, {"name": "onDestroy", "description": "Lifecycle method to clean up observers when activity is destroyed."}, {"name": "setupIntents", "description": "Sets up text change listeners on input fields and click listener on login button to dispatch intents."}, {"name": "observeState", "description": "Subscribes to the login state observable from the ViewModel."}, {"name": "render", "description": "Updates UI components based on the current login state, including showing loading, success, or error messages."}], "calls": ["super.onCreate", "setContentView", "findViewById", "viewModel.dispatch", "viewModel.observe", "viewModel.removeObserver"], "search-terms": ["Android MainActivity", "login screen UI", "ViewModel LoginState", "TextWatcher email", "TextWatcher password", "observe login state", "UI rendering login status"], "state": 2, "file_id": 10, "knowledge_revision": 30, "git_revision": "7ff270ba065f664f4961143c2e9753488f48be36", "revision_history": [{"22": "57b88b286ef9a71f5292479360355f2351d30026"}, {"24": "57b88b286ef9a71f5292479360355f2351d30026"}, {"27": "7ff270ba065f664f4961143c2e9753488f48be36"}, {"30": "7ff270ba065f664f4961143c2e9753488f48be36"}], "hash": "36e691adc9a18f41ab2db7f046f48dde", "format-version": 4, "code-base-name": "android_frontend", "filename": "android_frontend/app/src/main/kotlin/org/example/app/MainActivity.kt"}