{"is_source_file": true, "format": "Kotlin", "description": "This file contains pure reducer functions for handling LoginState in a Kotlin-based Android project. It manages user intents, validation, and simulates authentication logic, ensuring a predictable and testable state management.", "external_files": [], "external_methods": [], "published": ["LoginReducer.reduce", "LoginReducer.reduceSubmitStart", "LoginReducer.reduceSubmitResult"], "classes": [], "methods": [{"name": "reduce", "description": "Applies user intent to the current login state to produce a new state, handling email change, password change, and submission."}, {"name": "reduceSubmitStart", "description": "Initiates submit process by validating inputs, entering loading state if valid, or returning error state."}, {"name": "reduceSubmitResult", "description": "Processes the result of a simulated authentication attempt, updating the state to success or error accordingly."}, {"name": "validate", "description": "Validates email and password inputs, returning error messages if invalid."}, {"name": "isEmailLike", "description": "Performs a lightweight regex check to determine if an email string resembles a valid email format."}, {"name": "simulateAuth", "description": "Simulates authentication by checking if email ends with '@example.com' and if password length is at least 6."}], "calls": ["validate", "isEmailLike", "simulateAuth"], "search-terms": ["LoginReducer", "reduceSubmitStart", "simulateAuth", "LoginIntent", "LoginState", "EmailChanged", "PasswordChanged"], "state": 2, "file_id": 8, "knowledge_revision": 20, "git_revision": "", "hash": "11aa6a1d4ea6c89c2bc4ff56c9f7c019", "format-version": 4, "code-base-name": "android_frontend", "filename": "android_frontend/app/src/main/kotlin/org/example/app/login/LoginReducer.kt", "revision_history": [{"20": ""}]}