{"is_source_file": true, "format": "Kotlin (Jetpack Compose)", "description": "A Kotlin source file defining the composable UI for a login screen in an Android app using Jetpack Compose. It includes state management, UI layout, and interactions for email and password input, login button, and status messages.", "external_files": ["LoginViewModel", "LoginState", "LoginIntent"], "external_methods": ["viewModel.observe", "viewModel.removeObserver", "viewModel.dispatch"], "published": ["LoginScreen"], "classes": [], "methods": [{"name": "LoginScreen", "description": "Composable function that displays the login screen and manages its state by observing the ViewModel."}, {"name": "LoginScreenContent", "description": "Private composable that renders the main login form UI, handling user inputs and actions."}, {"name": "StatusArea", "description": "Displays current login status, such as loading indicator, success message, or error message."}], "calls": ["viewModel.observe", "viewModel.removeObserver", "viewModel.dispatch", "MaterialTheme.typography.headlineSmall", "MaterialTheme.typography.labelLarge", "MaterialTheme.typography.bodySmall", "MaterialTheme.typography.bodyMedium", "OutlinedTextFieldDefaults.colors", "ButtonDefaults.buttonColors"], "search-terms": ["LoginScreen", "Jetpack Compose login UI", "Kotlin login form", "Composable login view", "LoginState management"], "state": 2, "file_id": 11, "knowledge_revision": 32, "git_revision": "", "revision_history": [{"28": ""}, {"29": ""}, {"32": ""}], "hash": "3f5ebae00c5082bb073e0bbe6633fea3", "format-version": 4, "code-base-name": "android_frontend", "filename": "android_frontend/app/src/main/kotlin/org/example/app/login/LoginScreen.kt"}