{"is_source_file": true, "format": "Kotlin", "description": "Immutable UI state data class for the login screen in an Android application.", "external_files": [], "external_methods": [], "published": ["org.example.app.login.LoginState"], "classes": [{"name": "LoginState", "description": "Represents the UI state for the login screen, including loading status, user input, error messages, and success state."}], "methods": [], "calls": [], "search-terms": ["LoginState", "login", "UI state", "Kotlin data class", "android", "app state"], "state": 2, "file_id": 6, "knowledge_revision": 18, "git_revision": "", "hash": "52a1b55b69c22d5552159a4e108f28cf", "format-version": 4, "code-base-name": "android_frontend", "filename": "android_frontend/app/src/main/kotlin/org/example/app/login/LoginState.kt", "revision_history": [{"18": ""}]}