{"is_source_file": false, "format": "", "description": "", "external_files": [], "external_methods": [], "published": [], "classes": [], "methods": [], "calls": [], "search-terms": [], "state": 2, "file_id": 2, "knowledge_revision": 5, "git_revision": "a07ac23779f85c2bb7fd733e5875bae330a2e48f", "hash": "836b747d13f9ed5951c42ca4f7b3ba76", "format-version": 4, "code-base-name": "android_frontend", "filename": "android_frontend/init_script.sh", "revision_history": [{"5": "a07ac23779f85c2bb7fd733e5875bae330a2e48f"}]}