{"is_source_file": true, "format": "Kotlin", "description": "This file defines a lightweight ViewModel-like class for managing the state of a login screen within an Android application. It implements observer registration, state management, and dispatching of login intents, with simulated side-effects for login process handling.", "external_files": ["android.os.Handler", "android.os.Looper"], "external_methods": ["Looper.getMainLooper()", "Handler.postDelayed()", "Handler.post()", "Looper.myLooper()", "Looper.getMainLooper()"], "published": ["LoginViewModel"], "classes": [{"name": "LoginViewModel", "description": "A ViewModel-like class for managing login screen state, observing changes, and dispatching login intents."}], "methods": [{"name": "observe", "description": "Registers an observer callback to be notified on every state update. Immediately calls the observer with the current state."}, {"name": "removeObserver", "description": "Removes a previously registered observer callback."}, {"name": "dispatch", "description": "Handles login intents, updates state via reducer, and manages side-effects such as simulated authentication."}, {"name": "setState", "description": "Updates the current login state and notifies observers on the main thread."}, {"name": "notifyObservers", "description": "Invokes all registered observer callbacks with the latest login state."}], "calls": ["LoginReducer.reduce", "LoginReducer.reduceSubmitResult", "Handler.postDelayed", "Handler.post", "Looper.getMainLooper", "Looper.myLooper"], "search-terms": ["LoginViewModel", "LoginState", "LoginIntent", "dispatch", "observer pattern", "Android Handler", "main thread"], "state": 2, "file_id": 9, "knowledge_revision": 23, "git_revision": "", "revision_history": [{"21": ""}, {"23": ""}], "hash": "e1c5fffc2938dd86d87bf85d0e2e6ee0", "format-version": 4, "code-base-name": "android_frontend", "filename": "android_frontend/app/src/main/kotlin/org/example/app/login/LoginViewModel.kt"}