{"is_source_file": true, "format": "Kotlin", "description": "This file contains a Jetpack Compose-based implementation of a login screen for an Android application, defining UI layout, styling, user interaction handling, and state management.", "external_files": ["androidx.compose.foundation", "androidx.compose.material3", "androidx.compose.runtime", "androidx.compose.ui"], "external_methods": ["LoginIntent.EmailChanged", "LoginIntent.PasswordChanged", "LoginIntent.Submit", "viewModel.observe", "viewModel.removeObserver"], "published": ["LoginScreen", "rememberLoginState"], "classes": [{"name": "LoginState", "description": "Represents the current state of the login form, including email, password, loading status, success, and error message."}, {"name": "LoginIntent", "description": "Sealed class or enum capturing user actions, such as changing email/password and submitting the login form."}, {"name": "LoginViewModel", "description": "ViewModel that manages the login state and exposes observe/removeObserver methods for integrating with Compose."}], "methods": [{"name": "LoginScreen", "description": "Composable function rendering the login UI, driven by LoginState and emitting user actions as LoginIntent."}, {"name": "rememberLoginState", "description": "Composable helper function that observes LoginViewModel and converts its state into Compose-friendly state."}], "calls": ["onIntent(LoginIntent.EmailChanged)", "onIntent(LoginIntent.PasswordChanged)", "onIntent(LoginIntent.Submit)", "viewModel.observe", "viewModel.removeObserver"], "search-terms": ["LoginScreen", "composable login", "Android Jetpack Compose login UI", "LoginState management", "LoginIntent handling", "observe ViewModel in Compose"], "state": 2, "file_id": 11, "knowledge_revision": 55, "git_revision": "", "revision_history": [{"28": ""}, {"29": ""}, {"32": ""}, {"43": ""}, {"55": ""}], "hash": "3626253c9e25ac47ada8366a87d6993a", "format-version": 4, "code-base-name": "android_frontend", "filename": "android_frontend/app/src/main/kotlin/org/example/app/login/LoginScreen.kt"}