{"is_source_file": true, "format": "Kotlin", "description": "This Kotlin source file defines a Jetpack Compose UI for a login screen. It includes composable functions for managing login state, rendering the login form, and handling user interactions, with custom styling and theme-related color definitions. The file also bridges a ViewModel-based state management approach with Compose UI.", "external_files": ["androidx.compose.foundation.*", "androidx.compose.material3.*", "androidx.compose.runtime.*", "androidx.compose.ui.*"], "external_methods": ["viewModel.observe", "viewModel.removeObserver"], "published": ["rememberLoginState", "LoginScreen"], "classes": [], "methods": [{"name": "rememberLoginState", "description": "Bridges the LoginViewModel's observer-based state into Compose state, enabling reactive UI updates."}, {"name": "LoginScreen", "description": "Renders the login form UI, manages user inputs, and displays login status and errors."}], "calls": ["produceState", "viewModel.observe", "viewModel.removeObserver", "LocalFocusManager.current", "Modifier.fillMaxSize", "Modifier.background", "Modifier.padding", "Card", "CardDefaults.cardColors", "CardDefaults.cardElevation", "Column", "Text", "Spacer", "OutlinedTextField", "Button", "ButtonDefaults.buttonColors", "PasswordVisualTransformation", "VisualTransformation.None", "focusManager.clearFocus"], "search-terms": ["Jetpack Compose login UI", "Kotlin composable login", "LoginViewModel bridge", "Android Compose form", "Custom theme colors Kotlin"], "state": 2, "file_id": 11, "knowledge_revision": 29, "git_revision": "", "revision_history": [{"28": ""}, {"29": ""}], "hash": "5e7bab633a32e992f18acf62ffe81601", "format-version": 4, "code-base-name": "android_frontend", "filename": "android_frontend/app/src/main/kotlin/org/example/app/login/LoginScreen.kt"}