{"is_source_file": true, "format": "Kotlin", "description": "This file implements the main activity for a login screen in an Android app, managing UI components, setting up observers, and dispatching login intents.", "external_files": ["R.layout.activity_main", "R.id.emailEditText", "R.id.passwordEditText", "R.id.loginButton", "R.id.statusText"], "external_methods": ["findViewById", "setContentView", "addTextChangedListener", "setOnClickListener", "observe", "removeObserver"], "published": ["MainActivity"], "classes": [{"name": "MainActivity", "description": "Main activity class managing login UI"}], "methods": [{"name": "onCreate", "description": "Initializes UI components and sets up intents and observers"}, {"name": "onDestroy", "description": "Removes the state observer when activity is destroyed"}, {"name": "setupIntents", "description": "Sets up text change listeners and button click listener for login process"}, {"name": "observeState", "description": "Registers an observer for login state changes"}, {"name": "render", "description": "Updates UI elements based on current login state"}], "calls": ["super.onCreate", "super.onDestroy", "findViewById", "setContentView", "addTextChangedListener", "setOnClickListener", "viewModel.dispatch", "viewModel.observe", "viewModel.removeObserver", "statusText.setText", "statusText.setTextColor"], "search-terms": ["LoginViewModel", "LoginIntent", "LoginState", "activity_main", "MainActivity", "Android login activity"], "state": 2, "file_id": 10, "knowledge_revision": 35, "git_revision": "7ff270ba065f664f4961143c2e9753488f48be36", "revision_history": [{"22": "57b88b286ef9a71f5292479360355f2351d30026"}, {"24": "57b88b286ef9a71f5292479360355f2351d30026"}, {"27": "7ff270ba065f664f4961143c2e9753488f48be36"}, {"30": "7ff270ba065f664f4961143c2e9753488f48be36"}, {"33": "7ff270ba065f664f4961143c2e9753488f48be36"}, {"35": "7ff270ba065f664f4961143c2e9753488f48be36"}], "hash": "36e691adc9a18f41ab2db7f046f48dde", "format-version": 4, "code-base-name": "android_frontend", "filename": "android_frontend/app/src/main/kotlin/org/example/app/MainActivity.kt"}