{"is_source_file": true, "format": "Kotlin", "description": "Defines a sealed interface 'LoginIntent' representing various user actions (intents) related to login, such as email change, password change, and submit command.", "external_files": [], "external_methods": [], "published": ["LoginIntent"], "classes": [{"name": "LoginIntent", "description": "A sealed interface for login-related user intents, including email change, password change, and submission action."}], "methods": [{"name": "EmailChanged", "description": "Data class representing the intent when the user changes the email input."}, {"name": "PasswordChanged", "description": "Data class representing the intent when the user changes the password input."}, {"name": "Submit", "description": "Object representing the intent when the user presses the login button."}], "calls": [], "search-terms": ["LoginIntent", "sealed interface", "Kotlin", "login", "intent", "ViewModel"], "state": 2, "file_id": 7, "knowledge_revision": 19, "git_revision": "", "hash": "7ac058ace2d51ee009e75e69cdd2acf2", "format-version": 4, "code-base-name": "android_frontend", "filename": "android_frontend/app/src/main/kotlin/org/example/app/login/LoginIntent.kt", "revision_history": [{"19": ""}]}