{"is_source_file": false, "format": "", "description": "", "external_files": [], "external_methods": [], "published": [], "classes": [], "methods": [], "calls": [], "search-terms": [], "state": 2, "file_id": 18, "knowledge_revision": 54, "git_revision": "57b88b286ef9a71f5292479360355f2351d30026", "hash": "3879ae8b106b0e850bd0a9d119671af4", "format-version": 4, "code-base-name": "android_frontend", "filename": "android_frontend/app/src/main/AndroidManifest.xml", "revision_history": [{"54": "57b88b286ef9a71f5292479360355f2351d30026"}]}