{"is_source_file": false, "format": "XML layout for Android", "description": "This file defines the layout for a login screen in an Android application, including input fields for email and password, a login button, and informational text.", "external_files": [], "external_methods": [], "published": [], "classes": [], "methods": [], "calls": [], "search-terms": ["android layout", "login screen", "activity_main.xml", "EditText", "Button", "TextView", "android:id", "android:hint", "android:text", "android:backgroundTint"], "state": 2, "file_id": 5, "knowledge_revision": 31, "git_revision": "7ff270ba065f664f4961143c2e9753488f48be36", "hash": "4baf8519cb88c9595cfa22f4f0ea873b", "format-version": 4, "code-base-name": "android_frontend", "filename": "android_frontend/app/src/main/res/layout/activity_main.xml", "revision_history": [{"31": "7ff270ba065f664f4961143c2e9753488f48be36"}]}